{
"hmggirlfront.fire_ibc_hg": { "category": "neutral","sounds": [{"name": "hmggirlfront:fire_ibc_hg","stream": false}]},
"hmggirlfront.fire_ibc_rifle": { "category": "neutral","sounds": [{"name": "hmggirlfront:fire_ibc_rifle","stream": false}]},
"hmggirlfront.fire_ibc_rifle_heavy": { "category": "neutral","sounds": [{"name": "hmggirlfront:fire_ibc_rifle_heavy","stream": false}]},
"hmggirlfront.ibc_step": { "category": "neutral","sounds": [{"name": "hmggirlfront:ibc_step","stream": false}]}
}